COUNTY,TYPE,VENDOR,MODEL,VERSION,QUANTITY
ANDERSON,Electronic	Ballot	 Marker,ES&S,AutoMARK	 Voter	Assist	Ter minal,1.1,40
,Optical	 Scan	 (not	including	 ADAunits ),ES&S,Model	 100,5.2.1.0,26
,Optical	 Scan	 (not	including	 ADAunits ),ES&S,Model	 650,2.1.0.0,1
,Software,ES&S,Election	 Reporting	 Manager	(ERM),7.1.2.1,0
ANDREWS,Electronic	Ballot	 Marker,ES&S,AutoMARK	 Voter	Assist	Ter minal,1.1,9
,Optical	 Scan	 (not	including	 ADA units ),ES&S,Model	 650,2.1.0.0,1
ANGELINA,DRE	 (not	including	 ADA units ),ES&S,iVotronic,9.1.6.2,133
,Optical	 Scan	 (not	including	 ADAunits ),ES&S,Model	 100,5.2.1.0,30
,Software,ES&S,Ballot	on	 Demand	 (BOD),7.2.0.0,0
,Software,ES&S,Election	 Reporting	 Manager	 (ERM),7.1.2.1,0
,Software,ES&S,Unity,3.0.1.1,1
ARANSAS,DRE	 (not	including	 ADAunits ),Hart,eSlate,4.2.13,16
,Optical	 Scan	 (not	including	 ADA units ),Hart,eScan,1.3.14,12
,Other,Hart,Judges	Booth	 Controller	(JBC ),4.3.1,0
,Software,Hart,eCM,1.1.7,0
,Software,Hart,SERVO,4.2.10,0
,Software,Hart,Tally,4.3.10,0
ARCHER,DRE	 (not	including	 ADA units ),Hart,eSlate,4.2.13,42
,Other,Hart,Ballot	 Now	 Scanner,0,1
,Other,Hart,Judges	Booth	 Controller	(JBC ),4.3.1,0
,Software,Hart,Ballot	 Now,3.3.11,0
,Software,Hart,BOSS,4.3.13,0
,Software,Hart,eCM,1.1.7,0
,Software,Hart,Tally,4.3.10,0
ARMSTRONG,DRE	 (not	including	 ADAunits ),ES&S,iVotronic,9.1.6.2,10
,Software,ES&S,Unity,3.0.1.1,1
ATASCOSA,DRE	 (not	including	 ADAunits ),Hart,eSlate,4.2.13,6
,Optical	 Scan	 (not	including	 ADA units ),Hart,eScan,1.3.14,34
,Other,Hart,Judges	Booth	 Controller	(JBC ),4.3.1,0
,Software,Hart,eCM,1.1.7,0
,Software,Hart,SERVO,4.2.10,0
,Software,Hart,Tally,4.3.10,0
AUSTIN,Electronic	Ballot	 Marker,ES&S,AutoMARK	 Voter	Assist	Ter minal,1.1,19
,Optical	 Scan	 (not	including	 ADA units ),ES&S,Model	 650,2.1.0.0,1
,Software,ES&S,Election	 Reporting	 Manager	(ERM),7.1.2.1,0
BAILEY,Electronic	Ballot	 Marker,ES&S,AutoMARK 	Voter	Assist	Terminal,1.1,7
,Optical 	Scan	 (not	including	 ADAunits ),ES&S,Model 	 100,5.2.1.0,7
BANDERA,DRE	 (not	including 	 ADAunits ),Hart,eSlate,4.1.3,23
,Software,Hart,Ballot	 Now,3.2.4,1
,Software,Hart,Ballot	 Now,3.3.11,0
,Software,Hart,BOSS,4.3.13,0
,Software,Hart,eCM,1.1.7,0
,Software,Hart,SERVO,4.2.10,0
,Software,Hart,Tally,4.3.10,0
BASTROP,Electronic	Ballot	 Marker,ES&S,AutoMARK 	 Voter	Assist	Terminal,1.1,49
,Optical	 Scan	 (not	including	 ADAunits ),ES&S,Model	 650,2.1.0.0,1
,Software,ES&S,Election	 Reporting	 Manager	(ERM),7.1.2.1,0
,Software,ES&S,Unity,3.0.1.1,1
BAYLOR,Electronic	Ballot	 Marker,ES&S,AutoMARK	 Voter	Assist	Terminal,1.1,5
,Optical	 Scan	 (not	including	 ADAunits ),ES&S,Model	 100,5.2.1.0,5
BEE,DRE	 (not	including	 ADAunits ),Hart,eSlate,4.2.13,20
,Optical	 Scan	 (not	including	 ADAunits ),Hart,eScan,1.3.14,20
,Other,Hart,Judges	Booth	 Controller	(JBC),4.3.1,0
,Software,Hart,eCM,1.1.7,0
,Software,Hart,SERVO,4.2.10,0
,Software,Hart,Tally,4.3.10,0
BELL,Electronic	Ballot	 Marker,ES&S,AutoMARK	 Voter	Assist	Terminal,1.1,100
,Optical	 Scan	 (not	including	 ADAunits ),ES&S,Model	 100,5.2.1.0,75
,Optical	 Scan	 (not	including	 ADAunits ),ES&S,Model	 650,2.1.0.0,2
,Software,ES&S,AutoMARK	Information	Management	System	(AIMS),1.2.18,0
,Software,ES&S,Ballot	 Image	 Manager	(BIM),7.2.0.0,0
,Software,ES&S,Ballot	on	 Demand	 (BOD),7.2.0.0,0
,Software,ES&S,Election	 Data	 Manager	(EDM),7.4.4.0,0
,Software,ES&S,Election	 Reporting	 Manager	(ERM),7.1.2.1,0
,Software,ES&S,Hardware	 Program	 Manager	(HPM),5.2.4.0,0
,Software,ES&S,Unity,3.0.1.1,1
BEXAR,DRE	 (not	including 	 ADA units ),ES&S,iVotronic,9.1.6.2,2717
,Optical 	 Scan	 (not	including	 ADA units ),ES&S,Model	 650,2.1.0.0,2
,Software,ES&S,Data	 Acquistion	Manager	 (DAM),6.0.0.0,0
,Software,ES&S,Election	 Data	 Manager	 (EDM),7.4.4.0,0
,Software,ES&S,Election	Reporting	 Manager	 (ERM),7.1.2.1,0
,Software,ES&S,Hardware	 Program	Manager	 (HPM),5.2.4.0,0
,Software,ES&S,iVotronic	Image	 Manager	 (iVIM),2.0.1.0,0
,Software,ES&S,Unity,3.0.1.1,1
BLANCO,Electronic	Ballot	 Marker,ES&S,AutoMARK	 Voter	Assist	 Terminal,1.1,10
,Optical	 Scan	 (not	including	 ADA units ),ES&S,Model	 650,2.1.0.0,1
BORDEN,Electronic	Ballot	 Marker,ES&S,AutoMARK	 Voter	Assist	Terminal,1.1,8
,Optical	 Scan	 (not	including	 ADA units ),ES&S,Model	 100,5.2.1.0,1
BOSQUE,Electronic	Ballot	 Marker,ES&S,AutoMARK	 Voter	Assist	Terminal,1.1,12
,Optical	 Scan	 (not	including	 ADA units ),ES&S,Model	 100,5.0.0.0,11
BOWIE,Electronic	Ballot	 Marker,ES&S,AutoMARK	 Voter	Assist	Terminal,1.1,72
,Optical	 Scan	 (not	including	 ADAunits ),ES&S,Model	 650,2.1.0.0,2
BRAZORIA,DRE	 (not	including	 ADA units ),Hart,eSlate,4.2.13,623
,Other,Hart,Judges	Booth	 Controller	(JBC),4.3.1,0
,Software,Hart,Ballot	 Now,3.3.11,0
,Software,Hart,BOSS,4.3.13,0
,Software,Hart,eCM,1.1.7,0
,Software,Hart,SERVO,4.2.10,0
,Software,Hart,Tally,4.3.10,0
BRAZOS,DRE	 (not	including	 ADAunits ),Hart,eSlate,4.2.13,356
,Other,Hart,Ballot	 Now	 Scanner,0,1
,Other,Hart,Judges	Booth	 Controller	(JBC),4.3.1,0
,Software,Hart,Ballot	 Now,3.3.11,0
,Software,Hart,BOSS,4.3.13,0
,Software,Hart,SERVO,4.2.10,0
,Software,Hart,Tally,4.3.10,0
BREWSTER,DRE	 (not	including	 ADAunits ),ES&S,iVotronic,9.1.6.2,16
,Software,ES&S,Election	 Reporting	 Manager	 (ERM),7.1.2.1,0
,Software,ES&S,Unity,3.0.1.1,1
BRISCOE,DRE	 (not	including 	 ADAunits ),ES&S,iVotronic,9.1.6.2,3
,Software,ES&S,Election	 Reporting 	Manager	(ERM),7.1.2.1,0
,Software,ES&S,Unity,3.0.1.1,1
BROOKS,DRE 	(not	including 	ADAunits ),Hart,eSlate,6.2.1,11
,Optical 	Scan	 (not	including 	ADAunits ),Hart,eScan,1.2.0,10
,Other,Hart,Judges	Booth 	Controller	(JBC),4.1.3,0
,Software,Hart,eCM,1.1.7,0
,Software,Hart,SERVO,4.1.6,0
,Software,Hart,Tally,4.2.8,0
BROWN,Electronic	Ballot	 Marker,ES&S,AutoMARK 	Voter	Assist	Terminal,1.1,20
,Optical 	Scan	 (not	including	 ADAunits ),ES&S,Model 	 100,5.2.1.0,28
,Software,ES&S,Election	 Reporting	 Manager	(ERM),7.1.2.1,0
,Software,ES&S,Unity,3.0.1.1,1
BURLESON,DRE	 (not	including 	 ADAunits ),Hart,eSlate,4.2.13,32
,Optical 	Scan	 (not	including	 ADAunits ),Hart,eScan,1.3.14,1
,Other,Hart,Judges	Booth	 Controller	(JBC),4.3.1,0
,Software,Hart,Tally,4.3.10,0
BURNET,DRE	 (not	including 	 ADAunits ),Hart,eSlate,4.2.13,98
,Other,Hart,Ballot	 Now	 Scanner,0,1
,Other,Hart,Judges	Booth	 Controller	(JBC),4.3.1,0
,Software,Hart,Ballot	 Now,3.3.11,0
,Software,Hart,BOSS,4.3.13,0
,Software,Hart,eCM,1.1.7,0
,Software,Hart,SERVO,4.2.10,0
,Software,Hart,Tally,4.3.10,0
CALDWELL,DRE	 (not	including 	 ADAunits ),ES&S,iVotronic,9.1.6.2,37
,Optical 	Scan	 (not	including	 ADAunits ),ES&S,Model 	 650,2.1.0.0,1
,Software,ES&S,Election	 Reporting	 Manager	(ERM),7.1.2.1,0
,Software,ES&S,Unity,3.0.1.1,1
CALHOUN,Electronic	Ballot	 Marker,ES&S,AutoMARK 	 Voter	Assist	Terminal,1.1,50
,Optical	 Scan	 (not	including	 ADAunits ),ES&S,Model	 650,2.1.0.0,1
CALLAHAN,DRE	 (not	including 	 ADAunits ),Hart,eSlate,4.2.13,23
,Optical 	Scan	 (not	including	 ADAunits ),Hart,eScan,1.3.14,1
,Other,Hart,Judges	Booth	 Controller	(JBC),4.3.1,0
,Software,Hart,eCM,1.1.7,0
,Software,Hart,SERVO,4.2.10,0
,Software,Hart,Tally,4.3.10,0
CAMERON,Electronic	Ballot	 Marker,ES&S,AutoMARK 	 Voter	Assist	Terminal,1.1,137
,Optical	 Scan	 (not	including	 ADAunits ),ES&S,Model	 100,5.2.1.0,137
,Optical	 Scan	 (not	including	 ADAunits ),ES&S,Model	 650,2.1.0.0,2
,Software,ES&S,Election	 Reporting	 Manager	(ERM),7.1.2.1,0
,Software,ES&S,Unity,3.0.1.1,1
CAMP,Electronic	Ballot	 Marker,ES&S,AutoMARK	 Voter	Assist	Terminal,1.1,5
,Optical	 Scan	 (not	including	 ADAunits ),ES&S,Model	 100,5.2.1.0,5
,Software,ES&S,Ballot	on	 Demand	 (BOD),7.2.0.0,0
,Software,ES&S,Election	 Reporting	 Manager	(ERM),7.1.2.1,0
,Software,ES&S,Unity,3.0.1.1,1
CARSON,Electronic	Ballot	 Marker,ES&S,AutoMARK	 Voter	Assist	Terminal,1.1,10
,Optical	 Scan	 (not	including	 ADAunits ),ES&S,Model	 650,2.1.0.0,1
CASS,DRE	 (not	including	 ADAunits ),Hart,eSlate,4.2.13,71
,Optical	 Scan	 (not	including	 ADAunits ),Hart,eScan,1.3.14,2
,Other,Hart,Judges	Booth	 Controller	(JBC),4.3.1,0
,Software,Hart,eCM,1.1.7,0
,Software,Hart,SERVO,4.2.10,0
,Software,Hart,Tally,4.3.10,0
CASTRO,DRE	 (not	including	 ADAunits ),Hart,eSlate,6.2.1,20
,Other,Hart,Judges	Booth	 Controller	(JBC),4.3.1,0
,Software,Hart,BOSS,4.3.13,0
,Software,Hart,SERVO,4.2.10,0
,Software,Hart,Tally,4.3.10,0
CHAMBERS,DRE	 (not	including	 ADAunits ),ES&S,iVotronic,9.1.6.2,156
,Optical	 Scan	 (not	including	 ADAunits ),ES&S,Model	 100,5.2.1.0,1
,Software,ES&S,Data	 Acquistion	Manager	(DAM),6.0.0.0,0
,Software,ES&S,Election	 Reporting	 Manager	(ERM),7.1.2.1,0
,Software,ES&S,Hardware	 Program	 Manager	(HPM),5.2.4.0,0
,Software,ES&S,Unity,3.0.1.1,1
CHEROKEE,DRE	 (not	including 	 ADAunits ),Hart,eSlate,4.2.13,33
,Optical 	Scan	 (not	including	 ADAunits ),Hart,eScan,1.3.14,33
,Other,Hart,Judges	Booth	 Controller	(JBC),4.3.1,0
,Software,Hart,eCM,1.1.7,0
,Software,Hart,SERVO,4.2.10,0
,Software,Hart,Tally,4.3.10,0
CHILDRESS,DRE	 (not	including 	 ADAunits ),ES&S,iVotronic,9.1.6.2,10
,Software,ES&S,Election	 Reporting 	Manager	(ERM),7.1.2.1,0
,Software,ES&S,Unity,3.0.1.1,1
CLAY,Electronic	Ballot	 Marker,ES&S,AutoMARK 	Voter	Assist	Terminal,1.1,22
,Optical 	Scan	 (not	including	 ADAunits ),ES&S,Model 	 100,5.2.1.0,18
,Software,ES&S,Election	 Reporting	 Manager	(ERM),7.1.2.1,0
,Software,ES&S,Unity,3.0.1.1,1
COCHRAN,Electronic	Ballot	 Marker,ES&S,AutoMARK 	 Voter	Assist	Terminal,1.1,8
,Optical	 Scan	 (not	including	 ADAunits ),ES&S,Model	 100,5.2.1.0,4
,Software,ES&S,Election	 Reporting	 Manager	(ERM),7.1.2.1,0
,Software,ES&S,Unity,3.0.1.1,1
COKE,DRE	 (not	including	 ADAunits ),Hart,eSlate,6.2.1,10
,Other,Hart,Judges	Booth	 Controller	(JBC),4.3.1,0
,Software,Hart,SERVO,4.2.10,0
,Software,Hart,Tally,4.3.10,0
COLEMAN,DRE	 (not	including	 ADAunits ),Premier,Accu-Vote	 TSX,4.6.4,20
,Other,Premier,Vote	 Card	 Encoder,1.3.2,0
,Software,Premier,GEMS,1.18.24,0
COLLIN,DRE	 (not	including	 ADAunits ),Premier,Accu-Vote	 TS	 R6,4.6.4,1000
,DRE	 (not	including	 ADAunits ),Premier,Accu-Vote	 TSX,4.6.4,420
,Optical	 Scan	 (not	including	 ADAunits ),Premier,Accu-Vote	 OS,2.0.12,3
,Other,Premier,Key	Card	 Tool,4.6.1,0
,Other,Premier,VC	 Programmer,4.1.11,0
,Other,Premier,Vote	 Card	 Encoder,1.3.2,0
,Software,Premier,GEMS,1.18.24,0
COLLINGSWORTH,Electronic	Ballot	 Marker,ES&S,AutoMARK 	 Voter	Assist	Terminal,1.1,10
,Optical	 Scan	 (not	including	 ADAunits ),ES&S,Model	 100,5.2.1.0,2
COLORADO,Electronic	Ballot	 Marker,ES&S,AutoMARK 	Voter	Assist	Terminal,1.1,16
,Optical 	Scan	 (not	including	 ADAunits ),ES&S,Model 	 650,2.1.0.0,1
COMAL,DRE	 (not	including 	 ADAunits ),ES&S,iVotronic,9.1.6.2,214
,Optical 	Scan	 (not	including	 ADAunits ),ES&S,Model 	 100,5.2.1.0,2
,Software,ES&S,Election	 Reporting	 Manager	(ERM),7.1.2.1,0
,Software,ES&S,Hardware	 Program	 Manager	(HPM),5.2.4.0,0
,Software,ES&S,Unity,3.0.1.1,1
COMANCHE,DRE	 (not	including 	 ADAunits ),Hart,eSlate,4.2.13,12
,Optical 	Scan	 (not	including	 ADAunits ),Hart,eScan,1.3.14,5
,Other,Hart,Judges	Booth	 Controller	(JBC),4.3.1,0
,Software,Hart,eCM,1.1.7,0
,Software,Hart,SERVO,4.2.10,0
,Software,Hart,Tally,4.3.10,0
CONCHO,DRE	 (not	including 	 ADAunits ),Hart,eSlate,4.2.13,23
,Other,Hart,Judges	Booth	 Controller	(JBC),4.3.1,0
,Software,Hart,eCM,1.1.7,0
,Software,Hart,SERVO,4.2.10,0
,Software,Hart,Tally,4.3.10,0
COOKE,Electronic	Ballot	 Marker,ES&S,AutoMARK 	 Voter	Assist	Terminal,1.1,1
,Optical	 Scan	 (not	including	 ADAunits ),ES&S,Model	 650,2.1.0.0,1
CORYELL,DRE	 (not	including	 ADAunits ),Hart,eSlate,4.2.13,64
,Optical	 Scan	 (not	including	 ADAunits ),Hart,eScan,1.3.14,7
,Other,Hart,Judges	Booth	 Controller	(JBC),4.3.1,0
,Software,Hart,eCM,1.1.7,0
,Software,Hart,SERVO,4.2.10,0
,Software,Hart,Tally,4.3.10,0
COTTLE,DRE	 (not	including	 ADAunits ),ES&S,iVotronic,9.1.6.2,15
,Other,ES&S,PEB,1.07,0
CRANE,DRE	 (not	including	 ADAunits ),ES&S,iVotronic,9.1.6.2,1
,Optical	 Scan	 (not	including	 ADAunits ),ES&S,Model	 100,5.2.1.0,1
,Software,ES&S,Election	 Reporting	 Manager	(ERM),7.1.2.1,0
,Software,ES&S,Unity,3.0.1.1,1
CRANE	COUNTY,DRE	 (not	including 	 ADAunits ),ES&S,iVotronic,9.1.6.2,1
,Optical 	Scan	 (not	including	 ADAunits ),ES&S,Model 	 100,5.2.1.0,1
,Software,ES&S,Election	 Reporting	 Manager	(ERM),7.1.2.1,0
,Software,ES&S,Unity,3.0.1.1,1
CROCKETT,Electronic	Ballot	 Marker,ES&S,AutoMARK 	 Voter	Assist	Terminal,1.1,5
,Optical	 Scan	 (not	including	 ADAunits ),ES&S,Model	 100,5.2.1.0,5
,Software,ES&S,Election	 Reporting	 Manager	(ERM),7.1.2.1,0
,Software,ES&S,Unity,3.0.1.1,1
CROSBY,DRE	 (not	including ADA	units ),Hart,eSlate,4.2.13,6
,Optical	Scan	 (not	including ADA	units ),Hart,eScan,1.3.14,1
,Other,Hart,Judges	Booth	Controller	(JBC),4.1.3,0
,Software,Hart,eCM,1.1.7,0
,Software,Hart,SERVO,4.2.10,0
,Software,Hart,Tally,4.3.10,0
CULBERSON,DRE	(not	including ADA	units ),Hart,eSlate,4.2.13,6
,Other,Hart,Judges	Booth	Controller	(JBC),4.3.1,0
,Software,Hart,SERVO,4.2.10,0
,Software,Hart,Tally,4.3.10,0
DALLAM,Electronic	Ballot	Marker,ES&S,AutoMARK	Voter	Assist	Terminal,1.1,14
,Optical	Scan	 (not	including ADA	units ),ES&S,Model	100,5.2.1.0,3
,Software,ES&S,Election	Reporting Mana ger	(ERM),7.1.2.1,0
,Software,ES&S,Unity,3.0.1.1,1
DALLAS,DRE	(not	including ADA	units ),ES&S,iVotronic,9.1.6.2,400
,Optical	Scan	 (not	including ADA	units ),ES&S,Model	100,5.2.1.0,1000
,Optical	Scan	 (not	including ADA	units ),ES&S,Model	650,2.1.0.0,2
,Software,ES&S,Audit	Manager,7.3.0.0,0
,Software,ES&S,Ballot	Image	Manager	(BIM),7.4.2.0,0
,Software,ES&S,Data	Acquistion	Manager	(DAM),6.0.0.0,0
,Software,ES&S,Election	Data	Manager	(EDM),7.4.4.0,0
,Software,ES&S,Election	Reporting Mana ger	(ERM),7.1.2.1,0
,Software,ES&S,Hardware	Program	Manager	(HPM),5.2.4.0,0
,Software,ES&S,Unity,3.0.1.1,1
DAWSON,DRE	 (not	including ADA	units ),Hart,eSlate,6.2.1,25
,Optical	Scan	 (not	including ADA	units ),Hart,eScan,1.3.14,3
,Other,Hart,Ballot	Now	Scanner,0,1
,Other,Hart,Judges	Booth	Controller	(JBC),4.3.1,0
,Software,Hart,Ballot	Now,3.3.11,0
,Software,Hart,eCM,1.1.7,0
,Software,Hart,SERVO,4.2.10,0
,Software,Hart,Tally,4.3.10,0
DEAF	SMITH,DRE	(not	including ADA	units ),Hart,eSlate,4.1.3,25
,Other,Hart,Ballot	Now	Scanner,0,1
,Other,Hart,Judges	Booth	Controller	(JBC),4.1.3,0
,Software,Hart,Ballot	Now,3.2.4,0
,Software,Hart,BOSS,4.2.13,0
,Software,Hart,eCM,1.1.7,0
,Software,Hart,SERVO,4.1.6,0
,Software,Hart,Tally,4.2.8,0
DELTA,DRE	(not	including ADA	units ),Hart,eSlate,4.1.3,8
,Optical	Scan	 (not	including ADA	units ),Hart,eScan,1.2.0,2
,Other,Hart,Judges	Booth	Controller	(JBC),4.1.3,0
,Software,Hart,eCM,1.1.7,0
,Software,Hart,SERVO,4.1.6,0
,Software,Hart,Tally,4.2.8,0
DENTON,DRE	(not	including ADA	units ),Hart,eSlate,6.2.1,350
,Optical	Scan	 (not	including ADA	units ),Hart,eScan,1.3.14,170
,Other,Hart,Ballot	Now	Scanner,0,1
,Other,Hart,Judges	Booth	Controller	(JBC),4.3.1,0
,Software,Hart,Ballot	Now,3.3.11,0
,Software,Hart,BOSS,4.3.13,0
,Software,Hart,eCM,1.1.7,0
,Software,Hart,SERVO,4.2.10,0
,Software,Hart,Tally,4.3.10,0
DEWITT,DRE	 (not	including ADA	units ),Hart,eSlate,4.2.13,21
,Optical	Scan	 (not	including ADA	units ),Hart,eScan,1.3.14,12
,Other,Hart,Judges	Booth	Controller	(JBC),4.3.1,0
,Software,Hart,eCM,1.1.7,0
,Software,Hart,SERVO,4.2.10,0
,Software,Hart,Tally,4.3.10,0
DICKENS,DRE	(not	including ADA	units ),Hart,eSlate,4.2.13,3
,Other,Hart,Judges	Booth	Controller	(JBC),4.3.1,0
,Software,Hart,eCM,1.1.7,0
,Software,Hart,SERVO,4.2.10,0
,Software,Hart,Tally,4.3.10,0
DIMMIT,Electronic	Ballot	Marker,ES&S,AutoMARK	Voter	Assist	Terminal,1.1,9
,Optical	Scan	 (not	including ADA	units ),ES&S,Model	650,2.1.0.0,1
DONLEY,Electronic	Ballot	Marker,ES&S,AutoMARK	Voter	Assist	Terminal,1.1,10
,Optical	Scan	 (not	including ADA	units ),ES&S,Model	650,2.1.0.0,1
DUVAL,DRE	(not	including ADA	units ),Hart,eSlate,4.1.3,15
,Optical	Scan	 (not	including ADA	units ),Hart,eScan,1.2.0,15
,Software,Hart,eCM,1.1.7,0
,Software,Hart,SERVO,4.1.6,0
,Software,Hart,Tally,4.2.8,0
EASTLAND,DRE	(not	including ADA	units ),Hart,eSlate,6.2.1,27
,Other,Hart,Ballot	Now	Scanner,0,1
,Other,Hart,Judges	Booth	Controller	(JBC),4.3.1,0
,Software,Hart,Ballot	Now,3.3.11,0
,Software,Hart,BOSS,4.3.13,0
,Software,Hart,SERVO,4.2.10,0
,Software,Hart,Tally,4.3.10,0
ECTOR,DRE	 (not	including ADA	units ),Hart,eSlate,4.2.13,203
,Other,Hart,Judges	Booth	Controller	(JBC),4.3.1,0
,Software,Hart,BOSS,4.3.13,0
,Software,Hart,eCM,1.1.7,0
,Software,Hart,SERVO,4.2.10,0
,Software,Hart,Tally,4.3.10,0
EDWARDS,Electronic	Ballot	Marker,ES&S,AutoMARK	Voter	Assist	Terminal,1.1,6
,Optical	Scan	 (not	including ADA	units ),ES&S,Model	100,5.2.1.0,6
,Software,ES&S,Election	Reporting Mana ger	(ERM),7.1.2.1,0
,Software,ES&S,Unity,3.0.1.1,1
EL	PASO,DRE	 (not	including ADA	units ),Premier,Accu-Vote	TS	R6,4.6.4,1035
,DRE	 (not	including ADA	units ),Premier,Accu-Vote	TSX,4.6.4,315
,Optical	Scan	 (not	including ADA	units ),Premier,Accu-Vote	OS,2.0.12,4
,Other,Premier,Key	Card	Tool,4.6.1,0
,Other,Premier,VC	Programmer,4.6.1,0
,Other,Premier,Vote	Card	Encoder,1.3.2,0
,Software,Premier,GEMS,1.18.24,0
ELLIS,Electronic	Ballot	Marker,ES&S,AutoMARK	Voter	Assist	Terminal,1.1,50
,Optical	Scan	 (not	including ADA	units ),ES&S,Model	100,5.2.1.0,50
,Optical	Scan	 (not	including ADA	units ),ES&S,Model	650,2.1.0.0,1
,Software,ES&S,Election	Reporting Mana ger	(ERM),7.1.2.1,0
,Software,ES&S,Unity,3.0.1.1,1
ERATH,DRE	(not	including ADA	units ),Hart,eSlate,4.1.3,62
,Other,Hart,Judges	Booth	Controller	(JBC),4.1.3,0
,Software,Hart,eCM,1.1.7,0
,Software,Hart,SERVO,4.1.6,0
FALLS,DRE	(not	including ADA	units ),Hart,eSlate,4.2.13,24
,Optical	Scan	 (not	including ADA	units ),Hart,eScan,1.3.14,15
,Other,Hart,Judges	Booth	Controller	(JBC),4.3.1,0
,Software,Hart,eCM,1.1.7,0
,Software,Hart,SERVO,4.2.10,0
,Software,Hart,Tally,4.3.10,0
FANNIN,DRE	(not	including ADA	units ),Hart,eSlate,4.1.3,55
,Other,Hart,Ballot	Now	Scanner,0,1
,Other,Hart,Judges	Booth	Controller	(JBC),4.1.3,0
,Software,Hart,Ballot	Now,3.3.11,0
,Software,Hart,BOSS,4.3.13,0
,Software,Hart,SERVO,4.2.10,0
,Software,Hart,Tally,4.3.10,0
FAYETTE,Electronic	Ballot	Marker,ES&S,AutoMARK	Voter	Assist	Terminal,1.1,38
,Optical	Scan	 (not	including ADA	units ),ES&S,Model	650,2.1.0.0,1
,Software,ES&S,Election	Reporting Mana ger	(ERM),7.1.2.1,0
,Software,ES&S,Unity,3.0.1.1,1
FISHER,Electronic	Ballot	Marker,ES&S,AutoMARK	Voter	Assist	Terminal,1.1,11
,Optical	Scan	 (not	including ADA	units ),ES&S,Model	100,5.2.1.0,10
,Software,ES&S,Election	Reporting Mana ger	(ERM),7.1.2.1,0
,Software,ES&S,Unity,3.0.1.1,1
FLOYD,DRE	(not	including ADA	units ),Hart,eSlate,4.1.3,10
,Other,Hart,Judges	Booth	Controller	(JBC),4.1.3,0
,Software,Hart,eCM,1.1.7,0
,Software,Hart,SERVO,4.1.6,0
,Software,Hart,Tally,4.2.8,0
FOARD,Software,Hart,eCM,1.1.7,0
,Software,Hart,SERVO,4.2.10,0
,Software,Hart,Tally,4.3.10,0
FORT	BEND,DRE	(not	including ADA	units ),Hart,eSlate,4.2.13,1115
,Other,Hart,Ballot	Now	Scanner,0,1
,Other,Hart,Judges	Booth	Controller	(JBC),4.3.1,0
,Software,Hart,Ballot	Now,3.3.11,0
,Software,Hart,BOSS,4.3.13,0
,Software,Hart,eCM,1.1.7,0
,Software,Hart,SERVO,4.2.10,0
,Software,Hart,Tally,4.3.10,0
FRANKLIN,Electronic	Ballot	Marker,ES&S,AutoMARK	Voter	Assist	Terminal,1.1,10
,Optical	Scan	 (not	including ADA	units ),ES&S,Model	100,5.2.1.0,10
,Software,ES&S,Election	Reporting Mana ger	(ERM),7.1.2.1,0
,Software,ES&S,Unity,3.0.1.1,1
FREESTONE,DRE	 (not	including ADA	units ),ES&S,iVotronic,9.1.6.2,21
,Optical	Scan	 (not	including ADA	units ),ES&S,Model	100,5.2.1.0,17
,Software,ES&S,Election	Reporting Mana ger	(ERM),7.1.2.1,0
,Software,ES&S,Unity,3.0.1.1,1
FRIO,Electronic	Ballot	Marker,ES&S,AutoMARK	Voter	Assist	Terminal,1.1,15
,Optical	Scan	 (not	including ADA	units ),ES&S,Model	650,2.1.0.0,1
GAINES,DRE	(not	including ADA	units ),Hart,eSlate,4.2.13,23
,Optical	Scan	 (not	including ADA	units ),Hart,eScan,1.3.14,2
,Other,Hart,Judges	Booth	Controller	(JBC),4.3.1,0
,Software,Hart,eCM,1.1.7,0
,Software,Hart,SERVO,4.2.10,0
,Software,Hart,Tally,4.3.10,0
GALVESTON,DRE	(not	including ADA	units ),Hart,eSlate,4.2.13,518
,Optical	Scan	 (not	including ADA	units ),Hart,eScan,1.3.14,2
,Other,Hart,Ballot	Now	Scanner,0,1
,Other,Hart,Judges	Booth	Controller	(JBC),4.3.1,0
,Software,Hart,Ballot	Now,3.3.11,0
,Software,Hart,BOSS,4.2.13,0
,Software,Hart,eCM,1.1.7,0
,Software,Hart,SERVO,4.2.10,0
,Software,Hart,Tally,4.3.10,0
GARZA,Electronic	Ballot	Marker,ES&S,AutoMARK	Voter	Assist	Terminal,1.1,10
,Optical	Scan	 (not	including ADA	units ),ES&S,Model	100,5.2.1.0,7
GILLESPIE,Electronic	Ballot	Marker,ES&S,AutoMARK	Voter	Assist	Terminal,1.1,17
,Optical	Scan	 (not	including ADA	units ),ES&S,Model	650,2.1.0.0,1
GLASSCOCK,Electronic	Ballot	Marker,ES&S,AutoMARK	Voter	Assist	Terminal,1.1,5
GOLIAD,Electronic	Ballot	Marker,ES&S,AutoMARK	Voter	Assist	Terminal,1.1,11
,Optical	Scan	 (not	including ADA	units ),ES&S,Model	100,5.2.1.0,11
,Software,ES&S,Election	Reporting Mana ger	(ERM),7.1.2.1,0
,Software,ES&S,Unity,3.0.1.1,1
GONZALES,Electronic	Ballot	Marker,ES&S,AutoMARK	Voter	Assist	Terminal,1.1,19
,Optical	Scan	 (not	including ADA	units ),ES&S,Model	650,2.1.0.0,1
GRAY,DRE	 (not	including ADA	units ),Hart,eSlate,4.1.3,29
,Optical	Scan	 (not	including ADA	units ),Hart,eScan,1.2.0,7
,Other,Hart,Judges	Booth	Controller	(JBC),4.1.3,0
,Software,Hart,eCM,1.1.7,0
,Software,Hart,SERVO,4.1.6,0
,Software,Hart,Tally,4.2.8,0
GRAYSON,DRE	 (not	including ADA	units ),ES&S,iVotronic,9.1.6.2,180
,Optical	Scan	 (not	including ADA	units ),ES&S,Model	650,2.1.0.0,1
,Software,ES&S,Election	Reporting Mana ger	(ERM),7.1.2.1,0
,Software,ES&S,Unity,3.0.1.1,1
GREGG,DRE	(not	including ADA	units ),Hart,eSlate,4.2.13,101
,Other,Hart,Ballot	Now	Scanner,0,1
,Other,Hart,Judges	Booth	Controller	(JBC),4.3.1,0
,Software,Hart,Ballot	Now,3.3.11,0
,Software,Hart,BOSS,4.3.13,0
,Software,Hart,eCM,1.1.7,0
,Software,Hart,SERVO,4.2.10,0
,Software,Hart,Tally,4.3.10,0
GRIMES,Optical	Scan	 (not	including ADA	units ),Hart,eScan,1.2.0,5
,Other,Hart,Judges	Booth	Controller	(JBC),4.1.3,0
,Software,Hart,eCM,1.1.7,0
,Software,Hart,SERVO,4.1.6,0
,Software,Hart,Tally,4.2.8,0
GUADALUPE,DRE	(not	including ADA	units ),Premier,Accu-Vote	TSX,4.6.4,347
,Optical	Scan	 (not	including ADA	units ),Premier,ACCU-VOTE	OS	(Model	D),1.96.6,5
,Other,Premier,VC	Programmer,4.6.1,0
,Other,Premier,Vote	Card	Encoder,1.3.2,0
,Software,Premier,GEMS,1.18.24,0
HALE,DRE	(not	including ADA	units ),Hart,eSlate,4.2.13,44
,Optical	Scan	 (not	including ADA	units ),Hart,eScan,1.0.10,1
,Other,Hart,Ballot	Now	Scanner,0,1
,Other,Hart,Judges	Booth	Controller	(JBC),4.3.1,0
,Software,Hart,Ballot	Now,3.3.11,0
,Software,Hart,BOSS,4.3.13,0
,Software,Hart,SERVO,4.2.10,0
,Software,Hart,Tally,4.3.10,0
HALL,DRE	(not	including ADA	units ),ES&S,iVotronic,9.1.6.2,12
,Software,ES&S,Unity,3.0.1.1,1
HAMILTON,Electronic	Ballot	Marker,ES&S,AutoMARK	Voter	Assist	Terminal,1.1,18
,Optical	Scan	 (not	including ADA	units ),ES&S,Model	650,2.1.0.0,1
HANSFORD,Electronic	Ballot	Marker,ES&S,AutoMARK	Voter	Assist	Terminal,1.1,16
HARDEMAN,Electronic	Ballot	Marker,ES&S,AutoMARK	Voter	Assist	Terminal,1.1,6
,Optical	Scan	 (not	including ADA	units ),ES&S,Model	100,5.2.1.0,6
HARDIN,DRE	(not	including ADA	units ),Hart,eSlate,4.2.13,13
,Optical	Scan	 (not	including ADA	units ),Hart,eScan,1.3.14,22
,Other,Hart,Judges	Booth	Controller	(JBC),4.3.1,0
,Software,Hart,eCM,1.1.7,0
,Software,Hart,SERVO,4.2.10,0
,Software,Hart,Tally,4.3.10,0
HARRIS,DRE	 (not	including ADA	units ),Hart,eSlate,4.2.13,7290
,Other,Hart,Ballot	Now	Scanner,0,6
,Other,Hart,Judges	Booth	Controller	(JBC),4.3.1,0
,Software,Hart,Ballot	Now,3.3.11,0
,Software,Hart,BOSS,4.3.13,0
,Software,Hart,eCM,1.1.7,0
,Software,Hart,Rally,2.3.7,0
,Software,Hart,SERVO,4.2.10,0
,Software,Hart,Tally,4.3.10,0
HARRISON,DRE	 (not	including ADA	units ),Hart,eSlate,4.2.13,2
,Optical	Scan	 (not	including ADA	units ),Hart,eScan,1.3.14,40
,Other,Hart,Judges	Booth	Controller	(JBC),4.3.1,0
,Software,Hart,Ballot	Now,3.3.11,0
,Software,Hart,BOSS,4.3.13,0
,Software,Hart,eCM,1.1.7,0
,Software,Hart,SERVO,4.2.10,0
,Software,Hart,Tally,4.3.10,0
HARTLEY,Electronic	Ballot	Marker,ES&S,AutoMARK	Voter	Assist	Terminal,1.1,7
,Optical	Scan	 (not	including ADA	units ),ES&S,Model	100,5.2.1.0,7
,Software,ES&S,Election	Reporting Mana ger	(ERM),7.1.2.1,0
,Software,ES&S,Unity,3.0.1.1,1
HASKELL,Electronic	Ballot	Marker,ES&S,AutoMARK	Voter	Assist	Terminal,1.0,14
HAYS,DRE	(not	including ADA	units ),Hart,eSlate,4.2.13,253
,Other,Hart,Ballot	Now	Scanner,0,1
,Other,Hart,Judges	Booth	Controller	(JBC),4.3.1,0
,Software,Hart,Ballot	Now,3.3.11,0
,Software,Hart,BOSS,4.3.13,0
,Software,Hart,eCM,1.1.7,0
,Software,Hart,SERVO,4.2.10,0
,Software,Hart,Tally,4.3.10,0
HEMPHILL,Electronic	Ballot	Marker,ES&S,AutoMARK	Voter	Assist	Terminal,1.1,14
,Optical	Scan	 (not	including ADA	units ),ES&S,Model	100,5.2.1.0,2
,Software,ES&S,Election	Reporting Mana ger	(ERM),7.1.2.1,0
,Software,ES&S,Unity,3.0.1.1,1
HENDERSON,DRE	(not	including ADA	units ),Hart,eSlate,4.2.13,41
,Optical	Scan	 (not	including ADA	units ),Hart,eScan,1.3.14,39
,Other,Hart,Judges	Booth	Controller	(JBC),4.3.1,0
,Software,Hart,eCM,1.1.7,0
,Software,Hart,SERVO,4.2.10,0
,Software,Hart,Tally,4.3.10,0
HIDALGO,DRE	(not	including ADA	units ),ES&S,iVotronic,9.1.6.2,570
,Optical	Scan	 (not	including ADA	units ),ES&S,Model	650,2.1.0.0,1
,Software,ES&S,Ballot	Image	Manager	(BIM),7.2.0.0,0
,Software,ES&S,Ballot	on	Demand	 (BOD),7.2.0.0,0
,Software,ES&S,Election	Data	Manager	(EDM),7.2.1.0,0
,Software,ES&S,Election	Reporting Mana ger	(ERM),7.1.2.1,0
,Software,ES&S,Hardware	Program	Manager	(HPM),5.0.3.0,0
,Software,ES&S,iVotronic	Image	Manager	(iVIM),1.2.3.0,0
HILL,DRE	(not	including ADA	units ),ES&S,iVotronic,9.1.6.2,74
,Optical	Scan	 (not	including ADA	units ),ES&S,Model	650,2.1.0.0,1
,Software,ES&S,Election	Reporting Mana ger	(ERM),7.1.2.1,0
HOCKLEY,Electronic	Ballot	Marker,ES&S,AutoMARK	Voter	Assist	Terminal,1.1,24
,Optical	Scan	 (not	including ADA	units ),ES&S,Model	650,2.1.0.0,1
HOOD,DRE	(not	including ADA	units ),ES&S,iVotronic,9.1.6.2,63
,Optical	Scan	 (not	including ADA	units ),ES&S,Model	650,2.1.0.0,1
,Other,ES&S,PEB,1.07,0
,Software,ES&S,Election	Reporting Mana ger	(ERM),7.1.2.1,0
HOPKINS,DRE	 (not	including ADA	units ),Hart,eSlate,4.2.13,10
,Optical	Scan	 (not	including ADA	units ),Hart,eScan,1.3.14,24
,Other,Hart,Judges	Booth	Controller	(JBC),4.3.1,0
,Software,Hart,eCM,1.1.7,0
,Software,Hart,SERVO,4.2.10,0
,Software,Hart,Tally,4.3.10,0
HOUSTON,Electronic	Ballot	Marker,ES&S,AutoMARK	Voter	Assist	Terminal,1.1,25
,Optical	Scan	 (not	including ADA	units ),ES&S,Model	650,2.1.0.0,1
HOWARD,DRE	 (not	including ADA	units ),ES&S,iVotronic,9.1.6.2,35
,Optical	Scan	 (not	including ADA	units ),ES&S,Model	100,5.2.1.0,2
,Software,ES&S,Ballot	Image	Manager	(BIM),7.2.0.0,0
,Software,ES&S,Election	Data	Manager	(EDM),7.2.1.0,0
,Software,ES&S,Election	Reporting Mana ger	(ERM),7.1.2.1,0
,Software,ES&S,Hardware	Program	Manager	(HPM),5.2.4.0,0
,Software,ES&S,Unity,3.0.1.1,1
HUDSPETH,Other,Hart,Judges	Booth	Controller	(JBC),4.1.3,0
,Software,Hart,eCM,1.1.7,0
,Software,Hart,SERVO,4.1.6,0
,Software,Hart,Tally,4.2.8,0
HUNT,DRE	(not	including ADA	units ),Hart,eSlate,4.2.13,53
,Optical	Scan	 (not	including ADA	units ),Hart,eScan,1.3.14,50
,Other,Hart,Ballot	Now	Scanner,0,1
,Other,Hart,Judges	Booth	Controller	(JBC),4.3.1,0
,Software,Hart,Ballot	Now,3.3.11,0
,Software,Hart,BOSS,4.3.13,0
,Software,Hart,eCM,1.1.7,0
,Software,Hart,SERVO,4.2.10,0
,Software,Hart,Tally,4.3.10,0
HUTCHINSON,DRE	(not	including ADA	units ),ES&S,iVotronic,9.1.6.2,12
,Optical	Scan	 (not	including ADA	units ),ES&S,Model	100,5.2.1.0,9
,Software,ES&S,Election	Reporting Mana ger	(ERM),7.1.2.1,0
,Software,ES&S,Unity,3.0.1.1,1
IRION,DRE	 (not	including ADA	units ),Hart,eSlate,4.2.13,5
,Optical	Scan	 (not	including ADA	units ),Hart,eScan,1.3.14,4
,Other,Hart,Judges	Booth	Controller	(JBC),4.3.1,0
,Software,Hart,eCM,1.1.7,0
,Software,Hart,SERVO,4.2.10,0
,Software,Hart,Tally,4.3.10,0
JACK,DRE	(not	including ADA	units ),Hart,eSlate,4.2.13,18
,Optical	Scan	 (not	including ADA	units ),Hart,eScan,1.3.14,1
,Other,Hart,Judges	Booth	Controller	(JBC),4.3.1,0
,Software,Hart,eCM,1.1.7,0
,Software,Hart,SERVO,4.2.10,0
,Software,Hart,Tally,4.3.10,0
JACKSON,DRE	(not	including ADA	units ),Premier,Accu-Vote	TSX,4.6.4,38
,Other,Premier,Vote	Card	Encoder,1.3.2,0
,Software,Premier,GEMS,1.18.24,0
JASPER,Electronic	Ballot	Marker,ES&S,AutoMARK	Voter	Assist	Terminal,1.1,35
,Optical	Scan	 (not	including ADA	units ),ES&S,Model	650,2.1.0.0,1
JASPER	COUNTY,Electronic	Ballot	Marker,ES&S,AutoMARK	Voter	Assist	Terminal,1.1,35
,Optical	Scan	 (not	including ADA	units ),ES&S,Model	650,2.1.0.0,1
JEFF	DAVIS,Electronic	Ballot	Marker,ES&S,AutoMARK	Voter	Assist	Terminal,1.1,7
,Optical	Scan	 (not	including ADA	units ),ES&S,Model	100,5.2.1.0,7
JEFFERSON,DRE	(not	including ADA	units ),ES&S,iVotronic,9.1.6.2,216
,Optical	Scan	 (not	including ADA	units ),ES&S,Model	650,2.1.0.0,1
,Software,ES&S,Ballot	Image	Manager	(BIM),7.4.2.0,0
,Software,ES&S,Ballot	on	Demand	 (BOD),7.4.2.0,0
,Software,ES&S,Election	Data	Manager	(EDM),7.4.4.0,0
,Software,ES&S,Election	Reporting Mana ger	(ERM),7.1.2.1,0
,Software,ES&S,Hardware	Program	Manager	(HPM),5.2.4.0,0
,Software,ES&S,iVotronic	Image	Manager	(iVIM),2.0.1.0,0
,Software,ES&S,Unity,3.0.1.1,1
JIM	HOGG,DRE	(not	including ADA	units ),Hart,eSlate,4.2.13,6
,Optical	Scan	 (not	including ADA	units ),Hart,eScan,1.3.14,7
,Other,Hart,Judges	Booth	Controller	(JBC),4.3.1,0
,Software,Hart,eCM,1.1.7,0
,Software,Hart,SERVO,4.2.10,0
,Software,Hart,Tally,4.3.10,0
JIM	WELLS,DRE	 (not	including ADA	units ),Hart,eSlate,4.2.13,30
,Optical	Scan	 (not	including ADA	units ),Hart,eScan,1.3.14,30
,Other,Hart,Judges	Booth	Controller	(JBC),4.3.1,0
,Software,Hart,eCM,1.1.7,0
,Software,Hart,SERVO,4.2.10,0
,Software,Hart,Tally,4.3.10,0
JOHNSON,Electronic	Ballot	Marker,ES&S,AutoMARK	Voter	Assist	Terminal,1.1,40
,Optical	Scan	 (not	including ADA	units ),ES&S,Model	650,2.1.0.0,1
JONES,DRE	(not	including ADA	units ),ES&S,iVotronic,9.1.6.2,32
,Optical	Scan	 (not	including ADA	units ),ES&S,Model	650,2.1.0.0,1
,Software,ES&S,Ballot	on	Demand	 (BOD),7.2.0.0,0
,Software,ES&S,Election	Reporting Mana ger	(ERM),7.1.2.1,0
,Software,ES&S,Unity,3.0.1.1,1
KARNES,DRE	 (not	including ADA	units ),Hart,eSlate,6.2.1,30
,Software,Hart,SERVO,4.2.10,0
,Software,Hart,Tally,4.3.10,0
KAUFMAN,DRE	(not	including ADA	units ),Hart,eSlate,4.1.3,40
,Optical	Scan	 (not	including ADA	units ),Hart,eScan,1.2.0,53
,Other,Hart,Judges	Booth	Controller	(JBC),4.1.3,0
,Software,Hart,eCM,1.1.7,0
,Software,Hart,SERVO,4.1.6,0
,Software,Hart,Tally,4.2.8,0
KENDALL,DRE	(not	including ADA	units ),ES&S,iVotronic,9.1.6.2,5
,DRE	 (not	including ADA	units ),ES&S,iVotronic,9.1.6.2,16
,DRE	 (not	including ADA	units ),ES&S,iVotronic,9.1.6.2,1
,Optical	Scan	 (not	including ADA	units ),ES&S,Model	650,2.1.0.0,1
,Software,ES&S,Election	Reporting Mana ger	(ERM),7.1.2.1,0
KENEDY,DRE	 (not	including ADA	units ),Hart,eSlate,4.2.13,2
,Optical	Scan	 (not	including ADA	units ),Hart,eScan,1.3.14,1
,Other,Hart,Judges	Booth	Controller	(JBC),4.3.1,0
,Software,Hart,eCM,1.1.7,0
,Software,Hart,SERVO,4.2.10,0
,Software,Hart,Tally,4.3.10,0
KENT,Electronic	Ballot	Marker,ES&S,AutoMARK	Voter	Assist	Terminal,1.1,8
,Software,ES&S,Election	Reporting Mana ger	(ERM),7.1.2.1,0
KERR,DRE	 (not	including ADA	units ),Hart,eSlate,4.2.13,22
,Optical	Scan	 (not	including ADA	units ),Hart,eScan,1.3.14,25
,Other,Hart,Judges	Booth	Controller	(JBC),4.3.1,0
,Software,Hart,eCM,1.1.7,0
,Software,Hart,SERVO,4.2.10,0
,Software,Hart,Tally,4.3.10,0
KIMBLE,DRE	 (not	including ADA	units ),Hart,eSlate,4.2.13,2
,Optical	Scan	 (not	including ADA	units ),Hart,eScan,1.3.14,2
,Other,Hart,Judges	Booth	Controller	(JBC),4.3.1,0
,Software,Hart,eCM,1.1.7,0
,Software,Hart,SERVO,4.2.10,0
,Software,Hart,Tally,4.3.10,0
KING,Electronic	Ballot	Marker,ES&S,AutoMARK	Voter	Assist	Terminal,1.1,5
,Optical	Scan	 (not	including ADA	units ),ES&S,Model	100,5.2.1.0,1
,Software,ES&S,AutoMARK	Information	Management	System	(AIMS),1.2.18,0
KINNEY,Electronic	Ballot	Marker,ES&S,AutoMARK	Voter	Assist	Terminal,1.1,4
,Optical	Scan	 (not	including ADA	units ),ES&S,Model	100,5.2.1.0,5
,Software,ES&S,Election	Reporting Mana ger	(ERM),7.1.2.1,0
KLEBERG,Electronic	Ballot	Marker,ES&S,AutoMARK	Voter	Assist	Terminal,1.1,25
,Optical	Scan	 (not	including ADA	units ),ES&S,Model	100,5.2.1.0,38
,Software,ES&S,Election	Reporting Mana ger	(ERM),7.1.2.1,0
KNOX,Electronic	Ballot	Marker,ES&S,AutoMARK	Voter	Assist	Terminal,1.1,6
,Optical	Scan	 (not	including ADA	units ),ES&S,Model	100,5.2.1.0,1
LA	SALLE,DRE	(not	including ADA	units ),Hart,eSlate,4.2.13,7
,Optical	Scan	 (not	including ADA	units ),Hart,eScan,1.3.14,10
,Other,Hart,Judges	Booth	Controller	(JBC),4.3.1,0
,Software,Hart,eCM,1.1.7,0
,Software,Hart,SERVO,4.2.10,0
,Software,Hart,Tally,4.3.10,0
LAMAR,Electronic	Ballot	Marker,ES&S,AutoMARK	Voter	Assist	Terminal,1.1,38
,Optical	Scan	 (not	including ADA	units ),ES&S,Model	100,5.2.1.0,38
,Software,ES&S,Election	Reporting Mana ger	(ERM),7.1.2.1,0
LAMB,Electronic	Ballot	Marker,ES&S,AutoMARK	Voter	Assist	Terminal,1.1,26
,Optical	Scan	 (not	including ADA	units ),ES&S,Model	100,5.2.1.0,2
LAMPASAS,DRE	 (not	including ADA	units ),Hart,eSlate,4.2.13,28
LAVACA,DRE	(not	including ADA	units ),ES&S,iVotronic,9.1.6.2,30
,Optical	Scan	 (not	including ADA	units ),ES&S,Model	100,5.2.1.0,23
,Software,ES&S,Election	Reporting Mana ger	(ERM),7.1.2.1,0
,Software,ES&S,Unity,3.0.1.1,1
LEE,DRE	(not	including ADA	units ),Premier,Accu-Vote	TSX,4.6.4,35
,Other,Premier,Key	Card	Tool,4.6.1,0
,Other,Premier,VC	Programmer,4.6.1,0
,Other,Premier,Vote	Card	Encoder,1.3.2,0
,Software,Premier,GEMS,1.18.24,0
LEON,DRE	(not	including ADA	units ),ES&S,iVotronic,9.1.6.2,30
,Optical	Scan	 (not	including ADA	units ),ES&S,Model	100,5.2.1.0,2
,Software,ES&S,Election	Reporting Mana ger	(ERM),7.1.2.1,0
,Software,ES&S,Unity,3.0.1.1,1
LIBERTY,DRE	 (not	including ADA	units ),Hart,eSlate,4.2.13,49
,Optical	Scan	 (not	including ADA	units ),Hart,eScan,1.3.14,42
,Other,Hart,Judges	Booth	Controller	(JBC),4.3.1,0
,Software,Hart,BOSS,4.2.13,0
,Software,Hart,eCM,1.1.7,0
,Software,Hart,SERVO,4.2.10,0
,Software,Hart,Tally,4.3.10,0
LIMESTONE,DRE	 (not	including ADA	units ),ES&S,iVotronic,9.1.6.2,64
,Optical	Scan	 (not	including ADA	units ),ES&S,Model	100,5.2.1.0,1
,Software,ES&S,Election	Reporting Mana ger	(ERM),7.1.2.1,0
,Software,ES&S,Unity,3.0.1.1,1
LIPSCOMB,DRE	 (not	including ADA	units ),Hart,eSlate,4.2.13,8
,Optical	Scan	 (not	including ADA	units ),Hart,eScan,1.3.14,1
,Other,Hart,Judges	Booth	Controller	(JBC),4.3.1,0
,Software,Hart,eCM,1.1.7,0
,Software,Hart,SERVO,4.2.10,0
,Software,Hart,Tally,4.3.10,0
LIVE	OAK,Electronic	Ballot	Marker,ES&S,AutoMARK	Voter	Assist	Terminal,1.1,15
,Optical	Scan	 (not	including ADA	units ),ES&S,Model	100,5.2.1.0,15
,Software,ES&S,Election	Reporting Mana ger	(ERM),7.1.2.1,0
,Software,ES&S,Unity,3.0.1.1,1
LLANO,DRE	(not	including ADA	units ),Hart,eSlate,6.2.1,41
,Other,Hart,Ballot	Now	Scanner,0,1
,Other,Hart,Judges	Booth	Controller	(JBC),4.3.1,0
,Software,Hart,Ballot	Now,3.3.11,0
,Software,Hart,BOSS,4.3.13,0
,Software,Hart,eCM,1.1.7,0
,Software,Hart,SERVO,4.2.10,0
,Software,Hart,Tally,4.3.10,0
LOVING,Electronic	Ballot	Marker,ES&S,AutoMARK	Voter	Assist	Terminal,1.0,5
,Optical	Scan	 (not	including ADA	units ),ES&S,Model	100,5.0.0.0,1
LUBBOCK,DRE	 (not	including ADA	units ),Hart,eSlate,4.2.13,684
,Other,Hart,Ballot	Now	Scanner,0,1
,Other,Hart,Judges	Booth	Controller	(JBC),4.3.1,0
,Software,Hart,Ballot	Now,3.3.11,0
,Software,Hart,BOSS,4.3.13,0
,Software,Hart,SERVO,4.2.10,0
,Software,Hart,Tally,4.3.10,0
LYNN,Electronic	Ballot	Marker,ES&S,AutoMARK	Voter	Assist	Terminal,1.1,15
,Optical	Scan	 (not	including ADA	units ),ES&S,Model	100,5.2.1.0,11
,Software,ES&S,Election	Reporting Mana ger	(ERM),7.1.2.1,0
MADISON,DRE	 (not	including ADA	units ),Hart,eSlate,4.2.13,19
,Optical	Scan	 (not	including ADA	units ),Hart,eScan,1.3.14,1
,Other,Hart,Judges	Booth	Controller	(JBC),4.3.1,0
,Software,Hart,eCM,1.1.7,0
,Software,Hart,SERVO,4.2.10,0
,Software,Hart,Tally,4.3.10,0
MARION,DRE	 (not	including ADA	units ),Hart,eSlate,4.2.13,33
,Optical	Scan	 (not	including ADA	units ),Hart,eScan,1.3.14,2
,Other,Hart,Judges	Booth	Controller	(JBC),4.3.1,0
,Software,Hart,eCM,1.1.7,0
,Software,Hart,SERVO,4.2.10,0
,Software,Hart,Tally,4.3.10,0
MARTIN,DRE	 (not	including ADA	units ),Hart,eSlate,6.2.1,18
,Other,Hart,Judges	Booth	Controller	(JBC),4.3.1,0
,Software,Hart,SERVO,4.2.10,0
,Software,Hart,Tally,4.3.10,0
MASON,Electronic	Ballot	Marker,ES&S,AutoMARK	Voter	Assist	Terminal,1.1,5
,Optical	Scan	 (not	including ADA	units ),ES&S,Model	650,2.1.0.0,1
MATAGORDA,Electronic	Ballot	Marker,ES&S,AutoMARK	Voter	Assist	Terminal,1.1,24
,Optical	Scan	 (not	including ADA	units ),ES&S,Model	650,2.1.0.0,1
MAVERICK,Electronic	Ballot	Marker,ES&S,AutoMARK	Voter	Assist	Terminal,1.1,15
,Optical	Scan	 (not	including ADA	units ),ES&S,Model	650,2.1.0.0,1
MCCULLOCH,DRE	(not	including ADA	units ),Hart,eSlate,6.2.1,6
,Optical	Scan	 (not	including ADA	units ),Hart,eScan,1.3.14,8
,Other,Hart,Judges	Booth	Controller	(JBC),4.3.1,0
,Software,Hart,eCM,1.1.7,0
,Software,Hart,SERVO,4.2.10,0
,Software,Hart,Tally,4.3.10,0
MCLENNAN,DRE	(not	including ADA	units ),Hart,eSlate,4.2.13,284
,Other,Hart,Ballot	Now	Scanner,0,1
,Other,Hart,Judges	Booth	Controller	(JBC),4.3.1,0
,Software,Hart,Ballot	Now,3.3.11,0
,Software,Hart,BOSS,4.3.13,0
,Software,Hart,SERVO,4.2.10,0
,Software,Hart,Tally,4.3.10,0
MCMULLEN,Electronic	Ballot	Marker,ES&S,AutoMARK	Voter	Assist	Terminal,1.1,6
MEDINA,DRE	 (not	including ADA	units ),Hart,eSlate,4.2.13,75
,Optical	Scan	 (not	including ADA	units ),Hart,eScan,1.3.14,32
,Other,Hart,Ballot	Now	Scanner,0,1
,Other,Hart,Judges	Booth	Controller	(JBC),4.3.1,0
,Software,Hart,Ballot	Now,3.3.11,0
,Software,Hart,BOSS,4.3.13,0
,Software,Hart,eCM,1.1.7,0
,Software,Hart,SERVO,4.2.10,0
,Software,Hart,Tally,4.3.10,0
MENARD,Optical	Scan	 (not	including ADA	units ),Hart,eScan,1.3.14,1
,Other,Hart,Judges	Booth	Controller	(JBC),4.3.1,0
,Software,Hart,eCM,1.1.7,0
,Software,Hart,SERVO,4.2.10,0
,Software,Hart,Tally,4.3.10,0
MIDLAND,DRE	(not	including ADA	units ),ES&S,iVotronic,9.1.6.2,220
,Optical	Scan	 (not	including ADA	units ),ES&S,Model	650,2.1.0.0,2
,Software,ES&S,Ballot	on	Demand	 (BOD),7.4.2.0,0
,Software,ES&S,Election	Reporting Mana ger	(ERM),7.1.2.1,0
MILAM,DRE	 (not	including ADA	units ),Hart,eSlate,4.2.13,44
,Other,Hart,Ballot	Now	Scanner,0,1
,Other,Hart,Judges	Booth	Controller	(JBC),4.3.1,0
,Software,Hart,Ballot	Now,3.3.11,0
,Software,Hart,BOSS,4.3.13,0
,Software,Hart,SERVO,4.2.10,0
,Software,Hart,Tally,4.3.10,0
MILLS,DRE	(not	including ADA	units ),Hart,eSlate,4.1.3,2
,Optical	Scan	 (not	including ADA	units ),Hart,eScan,1.2.0,8
,Other,Hart,Judges	Booth	Controller	(JBC),4.1.3,0
,Software,Hart,eCM,1.1.7,0
,Software,Hart,SERVO,4.1.6,0
,Software,Hart,Tally,4.2.8,0
MITCHELL,Electronic	Ballot	Marker,ES&S,AutoMARK	Voter	Assist	Terminal,1.1,8
,Optical	Scan	 (not	including ADA	units ),ES&S,Model	650,2.1.0.0,1
,Software,ES&S,Election	Reporting Mana ger	(ERM),7.1.2.1,0
MONTAGUE,DRE	 (not	including ADA	units ),ES&S,iVotronic,9.1.6.2,48
,Optical	Scan	 (not	including ADA	units ),ES&S,Model	100,5.2.1.0,1
,Software,ES&S,Election	Reporting Mana ger	(ERM),7.1.2.1,0
,Software,ES&S,Unity,3.0.1.1,1
MONTGOMERY,DRE	 (not	including ADA	units ),Hart,eSlate,4.2.13,800
,Optical	Scan	 (not	including ADA	units ),Hart,Ballot	Now	Scanner,0,2
,Other,Hart,Judges	Booth	Controller	(JBC),4.3.1,0
,Software,Hart,Ballot	Now,3.3.11,0
,Software,Hart,BOSS,4.3.13,0
,Software,Hart,eCM,1.1.7,0
,Software,Hart,SERVO,4.2.10,0
,Software,Hart,Tally,4.3.10,0
MOORE,DRE	 (not	including ADA	units ),ES&S,iVotronic,9.1.6.2,32
,Optical	Scan	 (not	including ADA	units ),ES&S,Model	100,5.2.1.0,8
,Software,ES&S,Election	Reporting Mana ger	(ERM),7.1.2.1,0
,Software,ES&S,Unity,3.0.1.1,1
MORRIS,DRE	 (not	including ADA	units ),ES&S,iVotronic,9.1.6.2,14
,Optical	Scan	 (not	including ADA	units ),ES&S,Model	100,5.2.1.0,14
,Software,ES&S,Election	Reporting Mana ger	(ERM),7.1.2.1,0
,Software,ES&S,Unity,3.0.1.1,1
MOTLEY,DRE	 (not	including ADA	units ),Hart,eSlate,6.2.1,7
,Other,Hart,Judges	Booth	Controller	(JBC),4.1.3,0
,Software,Hart,eCM,1.1.7,0
,Software,Hart,SERVO,4.1.6,0
,Software,Hart,Tally,4.2.8,0
NACOGDOCHES,DRE	(not	including ADA	units ),Hart,eSlate,4.1.3,33
,Optical	Scan	 (not	including ADA	units ),Hart,eScan,1.2.0,32
,Other,Hart,Judges	Booth	Controller	(JBC),4.1.3,0
,Software,Hart,eCM,1.1.7,0
,Software,Hart,SERVO,4.1.6,0
,Software,Hart,Tally,4.2.8,0
NAVARRO,DRE	(not	including ADA	units ),ES&S,iVotronic,9.1.6.2,129
,Optical	Scan	 (not	including ADA	units ),ES&S,Model	100,5.2.1.0,4
,Software,ES&S,Election	Reporting Mana ger	(ERM),7.1.2.1,0
,Software,ES&S,Unity,3.0.1.1,1
NEWTON,Electronic	Ballot	Marker,ES&S,AutoMARK	Voter	Assist	Terminal,1.1,27
,Optical	Scan	 (not	including ADA	units ),ES&S,Model	650,2.1.0.0,1
NOLAN,Electronic	Ballot	Marker,ES&S,AutoMARK	Voter	Assist	Terminal,1.1,13
,Optical	Scan	 (not	including ADA	units ),ES&S,Model	100,5.2.1.0,12
,Software,ES&S,Election	Reporting Mana ger	(ERM),7.1.2.1,0
,Software,ES&S,Unity,3.0.1.1,1
NUECES,DRE	(not	including ADA	units ),Hart,eSlate,4.1.3,8
,DRE	 (not	including ADA	units ),Hart,eSlate,4.2.13,457
,Optical	Scan	 (not	including ADA	units ),Hart,Ballot	Now	Scanner,0,4
,Other,Hart,Judges	Booth	Controller	(JBC),4.3.1,0
,Software,Hart,Ballot	Now,3.3.11,0
,Software,Hart,BOSS,4.3.13,0
,Software,Hart,SERVO,4.2.10,0
,Software,Hart,Tally,4.3.10,0
OCHILTREE,Electronic	Ballot	Marker,ES&S,AutoMARK	Voter	Assist	Terminal,1.1,5
,Optical	Scan	 (not	including ADA	units ),ES&S,Model	100,5.2.1.0,5
,Software,ES&S,Election	Reporting Mana ger	(ERM),7.1.2.1,0
,Software,ES&S,Unity,3.0.1.1,1
OLDHAM,Electronic	Ballot	Marker,ES&S,AutoMARK	Voter	Assist	Terminal,1.1,6
,Optical	Scan	 (not	including ADA	units ),ES&S,Model	100,5.2.1.0,6
,Software,ES&S,Election	Reporting Mana ger	(ERM),7.1.2.1,0
,Software,ES&S,Unity,3.0.1.1,1
ORANGE,Electronic	Ballot	Marker,ES&S,AutoMARK	Voter	Assist	Terminal,1.1,36
,Optical	Scan	 (not	including ADA	units ),ES&S,Model	650,2.1.0.0,1
PALO	PINTO,DRE	 (not	including ADA	units ),ES&S,iVotronic,9.1.6.2,40
,Optical	Scan	 (not	including ADA	units ),ES&S,Model	100,5.2.1.0,3
,Software,ES&S,Election	Reporting Mana ger	(ERM),7.1.2.1,0
,Software,ES&S,Unity,3.0.1.1,1
PANOLA,Electronic	Ballot	Marker,ES&S,AutoMARK	Voter	Assist	Terminal,1.0,36
,Optical	Scan	 (not	including ADA	units ),ES&S,Model	100,5.2.1.0,22
PARKER,DRE	 (not	including ADA	units ),Hart,eSlate,4.2.13,290
,Other,Hart,Ballot	Now	Scanner,0,1
,Other,Hart,Judges	Booth	Controller	(JBC),4.3.1,0
,Software,Hart,Ballot	Now,3.3.11,0
,Software,Hart,eCM,1.1.7,0
,Software,Hart,SERVO,4.2.10,0
,Software,Hart,Tally,4.3.10,0
PARMER,Electronic	Ballot	Marker,ES&S,AutoMARK	Voter	Assist	Terminal,1.1,10
,Optical	Scan	 (not	including ADA	units ),ES&S,Model	650,2.1.0.0,1
PECOS,Electronic	Ballot	Marker,ES&S,AutoMARK	Voter	Assist	Terminal,1.1,10
,Optical	Scan	 (not	including ADA	units ),ES&S,Model	650,2.1.0.0,1
POLK,DRE	 (not	including ADA	units ),ES&S,iVotronic,9.1.6.2,20
,Optical	Scan	 (not	including ADA	units ),ES&S,Model	650,2.1.0.0,1
,Software,ES&S,Ballot	on	Demand	 (BOD),7.2.0.0,0
,Software,ES&S,Election	Reporting Mana ger	(ERM),7.1.2.1,0
,Software,ES&S,Unity,3.0.1.1,1
POTTER,DRE	 (not	including ADA	units ),ES&S,iVotronic,9.1.6.2,145
,Optical	Scan	 (not	including ADA	units ),ES&S,Model	650,2.1.0.0,1
,Other,ES&S,PEB,1.07,0
,Software,ES&S,Election	Reporting Mana ger	(ERM),7.1.2.1,0
,Software,ES&S,Unity,3.0.1.1,1
PRESIDIO,DRE	 (not	including ADA	units ),ES&S,iVotronic,9.1.6.2,32
,Software,ES&S,Election	Reporting Mana ger	(ERM),7.1.2.1,0
,Software,ES&S,Unity,3.0.1.1,1
RAINS,DRE	 (not	including ADA	units ),Hart,eSlate,6.2.1,8
,Optical	Scan	 (not	including ADA	units ),Hart,eScan,1.3.14,2
,Other,Hart,Judges	Booth	Controller	(JBC),4.3.1,0
,Software,Hart,eCM,1.1.7,0
,Software,Hart,SERVO,4.1.6,0
,Software,Hart,Tally,4.2.8,0
RANDALL,DRE	(not	including ADA	units ),Hart,eSlate,4.2.13,202
,Optical	Scan	 (not	including ADA	units ),Hart,eScan,1.3.14,2
,Other,Hart,Judges	Booth	Controller	(JBC),4.3.1,0
,Software,Hart,Ballot	Now,3.3.11,0
,Software,Hart,BOSS,4.3.13,0
,Software,Hart,eCM,1.1.7,0
,Software,Hart,SERVO,4.2.10,0
,Software,Hart,Tally,4.3.10,0
REAGAN,DRE	 (not	including ADA	units ),Hart,eSlate,4.2.13,5
,Optical	Scan	 (not	including ADA	units ),Hart,eScan,1.3.14,5
,Other,Hart,Judges	Booth	Controller	(JBC),4.3.1,0
,Software,Hart,eCM,1.1.7,0
,Software,Hart,SERVO,4.2.10,0
,Software,Hart,Tally,4.3.10,0
REAL,Electronic	Ballot	Marker,ES&S,AutoMARK	Voter	Assist	Terminal,1.1,6
,Optical	Scan	 (not	including ADA	units ),ES&S,Model	100,5.2.1.0,6
,Software,ES&S,Election	Reporting Mana ger	(ERM),7.1.2.1,0
,Software,ES&S,Unity,3.0.1.1,1
RED	RIVER,DRE	 (not	including ADA	units ),Hart,eSlate,4.2.13,32
,Optical	Scan	 (not	including ADA	units ),Hart,eScan,1.3.14,7
,Other,Hart,Ballot	Now	Scanner,0,1
,Other,Hart,Judges	Booth	Controller	(JBC),4.3.1,0
,Software,Hart,Ballot	Now,3.3.11,0
,Software,Hart,eCM,1.1.7,0
,Software,Hart,SERVO,4.2.10,0
,Software,Hart,Tally,4.3.10,0
REEVES,Electronic	Ballot	Marker,ES&S,AutoMARK	Voter	Assist	Terminal,1.1,12
,Optical	Scan	 (not	including ADA	units ),ES&S,Model	100,5.2.1.0,12
,Optical	Scan	 (not	including ADA	units ),ES&S,Model	650,2.1.0.0,1
,Software,ES&S,Election	Reporting Mana ger	(ERM),7.1.2.1,0
,Software,ES&S,Unity,3.0.1.1,1
REFUGIO,DRE	 (not	including ADA	units ),Hart,eSlate,4.2.13,16
,Optical	Scan	 (not	including ADA	units ),Hart,eScan,1.3.14,1
,Other,Hart,Judges	Booth	Controller	(JBC),4.3.1,0
,Software,Hart,eCM,1.1.7,0
,Software,Hart,SERVO,4.2.10,0
,Software,Hart,Tally,4.3.10,0
ROBERTS,DRE	 (not	including ADA	units ),Hart,eSlate,4.1.3,6
,Other,Hart,Judges	Booth	Controller	(JBC),4.1.3,0
,Software,Hart,eCM,1.1.7,0
,Software,Hart,SERVO,4.1.6,0
,Software,Hart,Tally,4.2.8,0
ROBERTSON,Electronic	Ballot	Marker,ES&S,AutoMARK	Voter	Assist	Terminal,1.1,22
,Optical	Scan	 (not	including ADA	units ),ES&S,Model	100,5.2.1.0,18
,Software,ES&S,Election	Reporting Mana ger	(ERM),7.1.2.1,0
,Software,ES&S,Unity,3.0.1.1,1
ROCKWALL,DRE	 (not	including ADA	units ),ES&S,iVotronic,9.1.6.2,19
,Optical	Scan	 (not	including ADA	units ),ES&S,Model	100,5.2.1.0,48
,Software,ES&S,Election	Reporting Mana ger	(ERM),7.1.2.1,0
,Software,ES&S,Hardware	Program	Manager	(HPM),5.2.4.0,0
,Software,ES&S,iVotronic	Image	Manager	(iVIM),2.0.1.0,0
,Software,ES&S,Unity,3.0.1.1,1
RUNNELS,DRE	(not	including ADA	units ),Hart,eSlate,6.2.1,10
,Optical	Scan	 (not	including ADA	units ),Hart,eScan,1.2.0,2
,Other,Hart,Judges	Booth	Controller	(JBC),4.3.1,0
,Software,Hart,SERVO,4.2.10,0
,Software,Hart,Tally,4.3.10,0
RUSK,DRE	 (not	including ADA	units ),ES&S,iVotronic,9.1.6.2,100
,Optical	Scan	 (not	including ADA	units ),ES&S,Model	650,2.1.0.0,1
,Software,ES&S,Election	Reporting Mana ger	(ERM),7.1.2.1,0
,Software,ES&S,Unity,3.0.1.1,1
SABINE,Electronic	Ballot	Marker,ES&S,AutoMARK	Voter	Assist	Terminal,1.1,11
,Optical	Scan	 (not	including ADA	units ),ES&S,Model	100,5.2.1.0,10
,Software,ES&S,AutoMARK	Information	Management	System	(AIMS),1.2.18,0
,Software,ES&S,Election	Reporting Mana ger	(ERM),7.1.2.1,0
,Software,ES&S,Unity,3.0.1.1,1
SAN	AUGUSTINE,Electronic	Ballot	Marker,ES&S,AutoMARK	Voter	Assist	 Terminal,1.1,12
,Optical	Scan	 (not	including ADA	units ),ES&S,Model	100,5.2.1.0,14
,Software,ES&S,Election	Reporting Mana ger	(ERM),7.1.2.1,0
,Software,ES&S,Unity,3.0.1.1,1
SAN	JACINTO,DRE	(not	including ADA	units ),ES&S,iVotronic,9.1.6.2,38
,Optical	Scan	 (not	including ADA	units ),ES&S,Model	100,5.2.1.0,1
,Software,ES&S,Election	Reporting Mana ger	(ERM),7.1.2.1,0
,Software,ES&S,Unity,3.0.1.1,1
SAN	PATRICIO,DRE	(not	including ADA	units ),Hart,eSlate,4.2.13,48
,Optical	Scan	 (not	including ADA	units ),Hart,eScan,1.3.14,47
,Other,Hart,Judges	Booth	Controller	(JBC),4.3.1,0
,Software,Hart,Ballot	Now,3.3.11,0
,Software,Hart,eCM,1.1.7,0
,Software,Hart,SERVO,4.2.10,0
,Software,Hart,Tally,4.3.10,0
SAN	SABA,Electronic	Ballot	Marker,ES&S,AutoMARK	Voter	Assist	Terminal,1.0,8
,Optical	Scan	 (not	including ADA	units ),ES&S,Model	650,1.2.0.0,1
SCHLEICHER,Electronic	Ballot	Marker,ES&S,AutoMARK	Voter	Assist	Terminal,1.1,6
,Optical	Scan	 (not	including ADA	units ),ES&S,Model	100,5.2.1.0,6
,Software,ES&S,Election	Reporting Mana ger	(ERM),7.1.2.1,0
,Software,ES&S,Unity,3.0.1.1,1
SCURRY,DRE	(not	including ADA	units ),ES&S,iVotronic,9.1.6.2,50
,Optical	Scan	 (not	including ADA	units ),ES&S,Model	100,5.2.1.0,1
,Software,ES&S,Election	Reporting Mana ger	(ERM),7.1.2.1,0
,Software,ES&S,Unity,3.0.1.1,1
SHACKELFORD,DRE	(not	including ADA	units ),Hart,eSlate,4.2.13,8
,Other,Hart,Judges	Booth	Controller	(JBC),4.3.1,0
,Software,Hart,eCM,1.1.7,0
,Software,Hart,SERVO,4.2.10,0
,Software,Hart,Tally,4.3.10,0
SHELBY,Electronic	Ballot	Marker,ES&S,AutoMARK	Voter	Assist	Terminal,1.1,15
,Optical	Scan	 (not	including ADA	units ),ES&S,Model	100,5.2.1.0,18
,Software,ES&S,Election	Reporting Mana ger	(ERM),7.1.2.1,0
,Software,ES&S,Unity,3.0.1.1,1
SHERMAN,DRE	(not	including ADA	units ),Premier,Accu-Vote	TSX,4.6.4,13
,Optical	Scan	 (not	including ADA	units ),Premier,Accu-Vote	OS,1.9.4,1
,Other,Premier,Key	Card	Tool,1.0.1,0
,Other,Premier,VC	Programmer,4.1.11,0
,Other,Premier,Vote	Card	Encoder,1.3.2,0
SMITH,DRE	(not	including ADA	units ),ES&S,iVotronic,8.0.1.0,377
,Optical	Scan	 (not	including ADA	units ),ES&S,Model	650,1.2.0.0,1
,Software,ES&S,Ballot	Image	Manager	(BIM),7.2.0.0,0
,Software,ES&S,Ballot	on	Demand	 (BOD),7.2.0.0,0
,Software,ES&S,Data	Acquistion	Manager	(DAM),5.0.3.1,0
,Software,ES&S,Election	Data	Manager	(EDM),7.2.1.0,0
,Software,ES&S,Election	Reporting Mana ger	(ERM),6.4.3.3,0
,Software,ES&S,iVotronic	Image	Manager	(iVIM),1.2.3.0,0
,Software,ES&S,Unity,2.4.3.1,1
SOMERVELL,Electronic	Ballot	Marker,ES&S,AutoMARK	Voter	Assist	Terminal,1.1,7
,Optical	Scan	 (not	including ADA	units ),ES&S,Model	100,5.2.1.0,7
,Software,ES&S,Election	Reporting Mana ger	(ERM),7.1.2.1,0
,Software,ES&S,Unity,3.0.1.1,1
STARR,DRE	(not	including ADA	units ),ES&S,iVotronic,9.1.6.2,24
,Optical	Scan	 (not	including ADA	units ),ES&S,Model	100,5.2.1.0,20
,Software,ES&S,Election	Reporting Mana ger	(ERM),7.1.2.1,0
,Software,ES&S,Unity,3.0.1.1,1
STEPHENS,Electronic	Ballot	Marker,ES&S,AutoMARK	Voter	Assist	Terminal,1.1,7
,Optical	Scan	 (not	including ADA	units ),ES&S,Model	650,2.1.0.0,1
STERLING,DRE	(not	including ADA	units ),Hart,eSlate,6.2.1,6
,Other,Hart,Judges	Booth	Controller	(JBC),4.3.1,0
,Software,Hart,SERVO,4.2.10,0
,Software,Hart,Tally,4.3.10,0
STONEWALL,Electronic	Ballot	Marker,ES&S,AutoMARK	Voter	Assist	Terminal,1.1,9
,Optical	Scan	 (not	including ADA	units ),ES&S,Model	100,5.2.1.0,5
,Software,ES&S,Election	Reporting Mana ger	(ERM),7.1.2.1,0
,Software,ES&S,Unity,3.0.1.1,1
SUTTON,Electronic	Ballot	Marker,ES&S,AutoMARK	Voter	Assist	Terminal,1.1,5
,Optical	Scan	 (not	including ADA	units ),ES&S,Model	100,5.2.1.0,5
,Software,ES&S,Election	Reporting Mana ger	(ERM),7.1.2.1,0
,Software,ES&S,Unity,3.0.1.1,1
SWISHER,DRE	 (not	including ADA	units ),ES&S,iVotronic,9.1.6.2,1
,Optical	Scan	 (not	including ADA	units ),ES&S,Model	100,5.2.1.0,2
,Software,ES&S,Election	Reporting Mana ger	(ERM),7.1.2.1,0
,Software,ES&S,Unity,3.0.1.1,1
TARRANT,DRE	(not	including ADA	units ),Hart,eSlate,4.2.13,644
,Optical	Scan	 (not	including ADA	units ),Hart,eScan,1.3.14,500
,Other,Hart,Ballot	Now	Scanner,0,2
,Other,Hart,Judges	Booth	Controller	(JBC),4.3.1,0
,Software,Hart,Ballot	Now,3.3.11,0
,Software,Hart,BOSS,4.3.13,0
,Software,Hart,eCM,1.1.7,0
,Software,Hart,Rally,2.3.7,0
,Software,Hart,SERVO,4.2.10,0
,Software,Hart,Tally,4.3.10,0
TAYLOR,DRE	 (not	including ADA	units ),Hart,eSlate,4.2.13,210
,Other,Hart,Ballot	Now	Scanner,0,2
,Other,Hart,Judges	Booth	Controller	(JBC),4.3.1,0
,Software,Hart,Ballot	Now,3.3.11,0
,Software,Hart,BOSS,4.3.13,0
,Software,Hart,eCM,1.1.7,0
,Software,Hart,SERVO,4.2.10,0
,Software,Hart,Tally,4.3.10,0
TERRELL,Electronic	Ballot	Marker,ES&S,AutoMARK	Voter	Assist	Terminal,1.1,5
,Optical	Scan	 (not	including ADA	units ),ES&S,Model	100,5.2.1.0,5
,Software,ES&S,Unity,3.0.1.1,1
TERRY,Electronic	Ballot	Marker,ES&S,AutoMARK	Voter	Assist	Terminal,1.1,9
,Optical	Scan	 (not	including ADA	units ),ES&S,Model	650,2.1.0.0,1
THROCKMORTON,DRE	 (not	including ADA	units ),Hart,eSlate,4.1.3,1
,Other,Hart,Judges	Booth	Controller	(JBC),4.1.3,0
,Software,Hart,SERVO,4.1.6,0
,Software,Hart,Tally,4.2.8,0
TITUS,Electronic	Ballot	Marker,ES&S,AutoMARK	Voter	Assist	Terminal,1.1,22
,Optical	Scan	 (not	including ADA	units ),ES&S,Model	100,5.2.1.0,22
,Optical	Scan	 (not	including ADA	units ),ES&S,Model	650,2.1.0.0,1
,Software,ES&S,Election	Reporting Mana ger	(ERM),7.1.2.1,0
,Software,ES&S,Unity,3.0.1.1,1
TOM	GREEN,DRE	 (not	including ADA	units ),Hart,eSlate,4.2.13,74
,Optical	Scan	 (not	including ADA	units ),Hart,eScan,1.3.14,61
,Other,Hart,Ballot	Now	Scanner,0,2
,Other,Hart,Judges	Booth	Controller	(JBC),4.3.1,0
,Software,Hart,Ballot	Now,3.3.11,0
,Software,Hart,BOSS,4.3.13,0
,Software,Hart,eCM,1.1.7,0
,Software,Hart,SERVO,4.2.10,0
,Software,Hart,Tally,4.3.10,0
TRAVIS,DRE	(not	including ADA	units ),Hart,eSlate,4.1.3,1725
,Other,Hart,Ballot	Now	Scanner,0,2
,Other,Hart,Judges	Booth	Controller	(JBC),4.1.3,0
,Software,Hart,Ballot	Now,3.2.4,0
,Software,Hart,BOSS,4.2.13,0
,Software,Hart,eCM,1.1.7,0
,Software,Hart,SERVO,4.1.6,0
,Software,Hart,Tally,4.2.8,0
TRINITY,Electronic	Ballot	Marker,ES&S,AutoMARK	Voter	Assist	Terminal,1.1,22
,Optical	Scan	 (not	including ADA	units ),ES&S,Model	650,2.1.0.0,1
TYLER,Electronic	Ballot	Marker,ES&S,AutoMARK	Voter	Assist	Terminal,1.1,20
,Optical	Scan	 (not	including ADA	units ),ES&S,Model	100,5.2.1.0,21
,Software,ES&S,Election	Reporting Mana ger	(ERM),7.1.2.1,0
,Software,ES&S,Unity,3.0.1.1,1
UPSHUR,DRE	(not	including ADA	units ),Hart,eSlate,4.2.13,24
,Optical	Scan	 (not	including ADA	units ),Hart,eScan,1.3.14,23
,Other,Hart,Ballot	Now	Scanner,0,1
,Other,Hart,Judges	Booth	Controller	(JBC),4.3.1,0
,Software,Hart,Ballot	Now,3.3.11,0
,Software,Hart,BOSS,4.3.13,0
,Software,Hart,eCM,1.1.7,0
,Software,Hart,SERVO,4.2.10,0
,Software,Hart,Tally,4.3.10,0
UPTON,DRE	(not	including ADA	units ),ES&S,iVotronic,9.1.6.2,16
,Optical	Scan	 (not	including ADA	units ),ES&S,Model	100,5.2.1.0,1
,Software,ES&S,Election	Reporting Mana ger	(ERM),7.1.2.1,0
,Software,ES&S,Unity,3.0.1.1,1
UVALDE,DRE	(not	including ADA	units ),Hart,eSlate,4.1.3,17
,DRE	 (not	including ADA	units ),Hart,eSlate,4.1.3,17
,Optical	Scan	 (not	including ADA	units ),Hart,eScan,1.2.0,19
,Optical	Scan	 (not	including ADA	units ),Hart,eScan,1.2.0,19
,Other,Hart,Judges	Booth	Controller	(JBC),4.1.3,0
,Other,Hart,Judges	Booth	Controller	(JBC),4.1.3,0
,Software,Hart,eCM,1.1.7,0
,Software,Hart,eCM,1.1.7,0
,Software,Hart,SERVO,4.1.6,0
,Software,Hart,SERVO,4.1.6,0
,Software,Hart,Tally,4.2.8,0
,Software,Hart,Tally,4.2.8,0
VAL	VERDE,Electronic	Ballot	Marker,ES&S,AutoMARK	Voter	Assist	Terminal,1.1,22
,Optical	Scan	 (not	including ADA	units ),ES&S,Model	100,5.2.1.0,23
,Optical	Scan	 (not	including ADA	units ),ES&S,Model	650,2.1.0.0,1
,Software,ES&S,Election	Reporting Mana ger	(ERM),7.1.2.1,0
,Software,ES&S,Unity,3.0.1.1,1
VAN	ZANDT,Electronic	Ballot	Marker,ES&S,AutoMARK	Voter	Assist	Terminal,1.1,30
,Optical	Scan	 (not	including ADA	units ),ES&S,Model	100,5.2.1.0,30
,Optical	Scan	 (not	including ADA	units ),ES&S,Model	650,2.1.0.0,1
,Software,ES&S,Election	Reporting Mana ger	(ERM),7.1.2.1,0
,Software,ES&S,Unity,3.0.1.1,1
VICTORIA,DRE	(not	including ADA	units ),ES&S,iVotronic,9.1.6.2,152
,Optical	Scan	 (not	including ADA	units ),ES&S,Model	650,2.1.0.0,1
,Software,ES&S,Ballot	Image	Manager	(BIM),7.2.0.0,0
,Software,ES&S,Ballot	on	Demand	 (BOD),7.2.0.0,0
,Software,ES&S,Election	Data	Manager	(EDM),7.4.4.0,0
,Software,ES&S,Election	Reporting Mana ger	(ERM),7.1.2.1,0
,Software,ES&S,Hardware	Program	Manager	(HPM),5.2.4.0,0
,Software,ES&S,iVotronic	Image	Manager	(iVIM),2.0.1.0,0
,Software,ES&S,Unity,3.0.1.1,1
WALKER,Electronic	Ballot	Marker,ES&S,AutoMARK	Voter	Assist	Terminal,1.1,20
,Optical	Scan	 (not	including ADA	units ),ES&S,Model	100,5.2.1.0,24
,Software,ES&S,Election	Reporting Mana ger	(ERM),7.1.2.1,0
,Software,ES&S,Unity,3.0.1.1,1
WALLER,DRE	 (not	including ADA	units ),Hart,eSlate,4.2.13,78
,Other,Hart,Judges	Booth	Controller	(JBC),4.3.1,0
,Software,Hart,BOSS,4.3.13,0
,Software,Hart,eCM,1.1.7,0
,Software,Hart,SERVO,4.2.10,0
,Software,Hart,Tally,4.3.10,0
WARD,Electronic	Ballot	Marker,ES&S,AutoMARK	Voter	Assist	Terminal,1.1,10
,Optical	Scan	 (not	including ADA	units ),ES&S,Model	650,2.1.0.0,1
WASHINGTON,Electronic	Ballot	Marker,ES&S,AutoMARK	Voter	Assist	Terminal,1.1,38
,Optical	Scan	 (not	including ADA	units ),ES&S,Model	650,2.1.0.0,1
,Software,ES&S,Election	Reporting Mana ger	(ERM),7.1.2.1,0
WEBB,Optical	Scan	 (not	including ADA	units ),ES&S,Model	650,2.1.0.0,3
,Software,ES&S,Election	Reporting Mana ger	(ERM),7.1.2.1,0
,Software,ES&S,Unity,3.0.1.1,1
WHARTON,DRE	(not	including ADA	units ),ES&S,iVotronic,9.1.6.2,51
,Optical	Scan	 (not	including ADA	units ),ES&S,Model	650,2.1.0.0,1
,Software,ES&S,Election	Reporting Mana ger	(ERM),7.1.2.1,0
,Software,ES&S,Unity,3.0.1.1,0
WHEELER,DRE	 (not	including ADA	units ),Hart,eSlate,4.2.13,14
,Other,Hart,Judges	Booth	Controller	(JBC),4.3.1,0
,Software,Hart,SERVO,4.1.6,0
,Software,Hart,Tally,4.2.8,0
WICHITA,DRE	(not	including ADA	units ),ES&S,iVotronic,9.1.6.2,195
,Optical	Scan	 (not	including ADA	units ),ES&S,Model	650,2.1.0.0,1
,Software,ES&S,Ballot	Image	Manager	(BIM),7.2.0.0,0
,Software,ES&S,Ballot	on	Demand	 (BOD),7.2.0.0,0
,Software,ES&S,Election	Data	Manager	(EDM),7.4.4.0,0
,Software,ES&S,Election	Reporting Mana ger	(ERM),7.1.2.1,0
,Software,ES&S,Hardware	Program	Manager	(HPM),5.2.4.0,0
,Software,ES&S,iVotronic	Image	Manager	(iVIM),2.0.1.0,0
,Software,ES&S,Unity,3.0.1.1,1
WILBARGER,DRE	 (not	including ADA	units ),Hart,eSlate,4.2.13,17
,Other,Hart,Judges	Booth	Controller	(JBC),4.3.1,0
,Software,Hart,Ballot	Now,3.3.11,0
,Software,Hart,BOSS,4.3.13,0
,Software,Hart,eCM,1.1.7,0
,Software,Hart,SERVO,4.2.10,0
,Software,Hart,Tally,4.3.10,0
WILLACY,DRE	(not	including ADA	units ),Hart,eSlate,4.2.13,14
,Optical	Scan	 (not	including ADA	units ),Hart,eScan,1.3.14,14
,Other,Hart,Judges	Booth	Controller	(JBC),4.3.1,0
,Software,Hart,eCM,1.1.7,0
,Software,Hart,SERVO,4.2.10,0
,Software,Hart,Tally,4.3.10,0
WILLIAMSON,DRE	 (not	including ADA	units ),ES&S,iVotronic,9.1.6.2,667
,Optical	Scan	 (not	including ADA	units ),ES&S,Model	100,5.2.1.0,100
,Optical	Scan	 (not	including ADA	units ),ES&S,Model	650,2.1.0.0,2
,Software,ES&S,Election	Reporting Mana ger	(ERM),7.1.2.1,0
,Software,ES&S,Unity,3.0.1.1,1
WILSON,DRE	 (not	including ADA	units ),Premier,Accu-Vote	TSX,4.6.4,29
,Optical	Scan	 (not	including ADA	units ),Premier,ACCU-VOTE	OS	(Model	D),1.96.6,29
,Other,Premier,VC	Programmer,4.6.1,0
,Other,Premier,Vote	Card	Encoder,1.3.2,0
,Software,Premier,GEMS,1.18.24,0
WINKLER,Electronic	Ballot	Marker,ES&S,AutoMARK	Voter	Assist	Terminal,1.1,10
,Optical	Scan	 (not	including ADA	units ),ES&S,Model	650,2.1.0.0,1
,Software,ES&S,Unity,3.0.1.1,0
WISE,DRE	 (not	including ADA	units ),Hart,eSlate,4.2.13,115
,Other,Hart,Judges	Booth	Controller	(JBC),4.3.1,0
,Software,Hart,Ballot	Now,3.3.11,0
,Software,Hart,BOSS,4.3.13,0
,Software,Hart,eCM,1.1.7,0
,Software,Hart,SERVO,4.2.10,0
,Software,Hart,Tally,4.3.10,0
WOOD,DRE	 (not	including ADA	units ),Hart,eSlate,4.2.13,65
,Optical	Scan	 (not	including ADA	units ),Hart,eScan,1.3.14,2
,Other,Hart,Judges	Booth	Controller	(JBC),4.3.1,0
,Software,Hart,SERVO,4.2.10,1
,Software,Hart,Tally,4.3.10,0
YOAKUM,Electronic	Ballot	Marker,ES&S,AutoMARK	Voter	Assist	Terminal,1.1,6
,Optical	Scan	 (not	including ADA	units ),ES&S,Model	100,5.2.1.0,4
,Software,ES&S,Election	Reporting Mana ger	(ERM),7.1.2.1,0
YOUNG,DRE	 (not	including ADA	units ),Hart,eSlate,4.2.13,40
,Optical	Scan	 (not	including ADA	units ),Hart,eScan,1.3.14,1
,Other,Hart,Judges	Booth	Controller	(JBC),4.3.1,0
,Software,Hart,eCM,1.1.7,0
,Software,Hart,SERVO,4.2.10,0
,Software,Hart,Tally,4.3.10,0
ZAPATA,DRE	(not	including ADA	units ),Hart,eSlate,4.2.13,8
,Optical	Scan	 (not	including ADA	units ),Hart,eScan,1.3.14,9
,Other,Hart,Judges	Booth	Controller	(JBC),4.3.1,0
,Software,Hart,eCM,1.1.7,0
,Software,Hart,SERVO,4.2.10,0
,Software,Hart,Tally,4.3.10,0
ZAVALA,Electronic	Ballot	Marker,ES&S,AutoMARK	Voter	Assist	Terminal,1.1,8
,Optical	Scan	 (not	including ADA	units ),ES&S,Model	650,2.1.0.0,1
